{"cameraMode":{"drawMode":0,"name":"Shaded","section":"Shading Mode"},"sceneLighting":false,"audioPlay":false,"sceneViewState":{"m_AlwaysRefresh":false,"showFog":true,"showSkybox":false,"showFlares":true,"showImageEffects":true,"showParticleSystems":true,"showVisualEffectGraphs":true,"m_FxEnabled":true},"in2DMode":false,"pivot":{"x":1.1599559783935547,"y":0.050000496208667758,"z":1.1599559783935547},"rotation":{"x":-0.37789520621299746,"y":-0.6074310541152954,"z":0.40129324793815615,"w":-0.5720359086990356},"size":15150.982421875,"orthographic":false}