{"cameraMode":{"drawMode":0,"name":"Shaded","section":"Shading Mode"},"sceneLighting":false,"audioPlay":false,"sceneViewState":{"m_AlwaysRefresh":false,"showFog":true,"showSkybox":false,"showFlares":true,"showImageEffects":true,"showParticleSystems":true,"showVisualEffectGraphs":true,"m_FxEnabled":true},"in2DMode":false,"pivot":{"x":-6.4263386726379398,"y":-0.04170417785644531,"z":3.2093429565429689},"rotation":{"x":-0.20284335315227509,"y":0.022621072828769685,"z":-0.004653371404856443,"w":-0.9789630174636841},"size":17.43897819519043,"orthographic":false}